사용월,호선명,역ID,지하철역,유임승차,유임하차,무임승차,무임하차
2026-02,1호선,0150,서울역,1760286,1671967,226741,214630
2026-02,1호선,0151,시청,574229,584626,91962,90776
2026-02,1호선,0152,종각,868096,844844,133930,125034
2026-02,1호선,0153,종로3가,416372,375520,255623,233394
2026-02,1호선,0154,종로5가,406958,396368,208550,202601
2026-02,1호선,0155,동대문,237434,230223,109693,107224
2026-02,1호선,0156,신설동,252750,241895,109444,104676
2026-02,1호선,0157,제기동,196028,190982,247387,269572
2026-02,1호선,0158,청량리(서울시립대입구),365106,361825,273195,277193
2026-02,1호선,0159,동묘앞,141416,148703,143029,144988
2026-02,2호선,0201,시청,598637,553433,54805,49271
2026-02,2호선,0202,을지로입구,1217019,1246926,95676,88914
2026-02,2호선,0203,을지로3가,563117,573414,62854,63913
2026-02,2호선,0204,을지로4가,297583,292145,67915,66894
2026-02,2호선,0205,동대문역사문화공원(DDP),327881,374894,53331,58366
2026-02,2호선,0206,신당,305341,322303,83564,84967
2026-02,2호선,0207,상왕십리,295820,290030,60573,61308
2026-02,2호선,0208,왕십리(성동구청),358396,332349,48995,45629
2026-02,2호선,0209,한양대,193841,210702,13018,13745
2026-02,2호선,0210,뚝섬,559055,590319,58970,58842
2026-02,2호선,0211,성수,1339476,1435625,90316,90657
2026-02,2호선,0212,건대입구,905020,947587,87348,90539
2026-02,2호선,0213,구의(광진구청),612467,599857,107523,108566
2026-02,2호선,0214,강변(동서울터미널),639475,587061,98412,94101
2026-02,2호선,0215,잠실나루,287387,277375,80294,79484
2026-02,2호선,0216,잠실(송파구청),1931871,1863957,197838,185457
2026-02,2호선,0217,잠실새내,490657,481337,104425,104034
2026-02,2호선,0218,종합운동장,185956,206285,42794,44801
2026-02,2호선,0219,삼성(무역센터),1220266,1222767,104328,96735
2026-02,2호선,0220,선릉,1131813,986769,202513,178468
2026-02,2호선,0221,역삼,1050512,1190944,116450,118635
2026-02,2호선,0222,강남,1911532,1888860,148569,129971
2026-02,2호선,0223,교대(법원.검찰청),599694,719710,135345,158528
2026-02,2호선,0224,서초,453692,437874,81390,81969
2026-02,2호선,0225,방배,309586,319902,68496,67901
2026-02,2호선,0226,사당,878851,982679,196522,188696
2026-02,2호선,0227,낙성대(강감찬),594645,567999,102780,103514
2026-02,2호선,0228,서울대입구(관악구청),1004218,977874,165315,156975
2026-02,2호선,0229,봉천,477781,443148,137260,136922
2026-02,2호선,0230,신림,1236781,1209664,181381,181080
2026-02,2호선,0231,신대방,515713,489108,115861,116850
2026-02,2호선,0232,구로디지털단지,1220400,1202292,198114,197189
2026-02,2호선,0233,대림(구로구청),502056,512607,127793,133110
2026-02,2호선,0234,신도림,1026886,991828,207749,194208
2026-02,2호선,0235,문래,488285,509593,79819,80185
2026-02,2호선,0236,영등포구청,468598,482941,96800,96107
2026-02,2호선,0237,당산,401925,451626,53349,58509
2026-02,2호선,0238,합정,772733,845529,60855,61753
2026-02,2호선,0239,홍대입구,1928113,2076081,92028,89560
2026-02,2호선,0240,신촌,826605,828417,111310,109605
2026-02,2호선,0241,이대,341732,366350,46299,49340
2026-02,2호선,0242,아현,209533,196102,60588,59812
2026-02,2호선,0243,충정로(경기대입구),204865,221039,42812,43005
2026-02,2호선,0244,용답,55972,54533,17001,16621
2026-02,2호선,0245,신답,33295,38280,8499,8658
2026-02,2호선,0246,신설동,69635,68191,31570,33958
2026-02,2호선,0247,도림천,24179,25121,7561,8396
2026-02,2호선,0248,양천구청,119836,127797,49296,49861
2026-02,2호선,0249,신정네거리,187513,192289,68539,69955
2026-02,2호선,0250,용두(동대문구청),39908,38229,19802,21141
2026-02,3호선,0309,지축,154242,155788,33308,32613
2026-02,3호선,0310,구파발,437646,425620,128503,123679
2026-02,3호선,0311,연신내,716162,681606,244745,235280
2026-02,3호선,0312,불광,282160,298628,134478,149415
2026-02,3호선,0313,녹번,298868,269559,73581,72858
2026-02,3호선,0314,홍제,324820,303907,133105,130171
2026-02,3호선,0315,무악재,75479,72044,29150,31406
2026-02,3호선,0316,독립문,136058,143031,64786,65715
2026-02,3호선,0317,경복궁(정부서울청사),563030,573689,82057,78229
2026-02,3호선,0318,안국,574981,593567,95288,101361
2026-02,3호선,0319,종로3가,218084,246349,63370,71477
2026-02,3호선,0320,을지로3가,279494,267208,43253,40726
2026-02,3호선,0321,충무로,132,0,2,0
2026-02,3호선,0322,동대입구,220769,244898,34306,37663
2026-02,3호선,0323,약수,248321,244774,72168,66799
2026-02,3호선,0324,금호,156182,144690,48803,48078
2026-02,3호선,0325,옥수,174779,179187,55236,55772
2026-02,3호선,0326,압구정,654293,708148,124632,123999
2026-02,3호선,0327,신사,610468,645095,60745,58673
2026-02,3호선,0328,잠원,139988,135959,39707,38429
2026-02,3호선,0329,고속터미널,1205294,1169890,207159,194373
2026-02,3호선,0330,교대(법원.검찰청),328622,182756,79175,45387
2026-02,3호선,0331,남부터미널(예술의전당),706377,706903,116214,116563
2026-02,3호선,0332,양재(서초구청),756804,807018,136781,137542
2026-02,3호선,0333,매봉,237825,230560,72054,67498
2026-02,3호선,0334,도곡,119329,119935,27901,26061
2026-02,3호선,0335,대치,271443,260619,65325,64063
2026-02,3호선,0336,학여울,54416,57161,16009,15323
2026-02,3호선,0337,대청,202554,189698,55759,54108
2026-02,3호선,0338,일원,209838,204269,64243,64105
2026-02,3호선,0339,수서,367354,362304,110491,107535
2026-02,3호선,0340,가락시장,157487,153892,74537,72309
2026-02,3호선,0341,경찰병원,141606,140590,41243,42997
2026-02,3호선,0342,오금,129691,115899,30951,29761
2026-02,4호선,0409,불암산,174841,145624,71530,70604
2026-02,4호선,0410,상계,366415,338930,124047,120993
2026-02,4호선,0411,노원,436346,503419,101797,100020
2026-02,4호선,0412,창동,493782,517385,225651,231322
2026-02,4호선,0413,쌍문,570019,517969,165874,163133
2026-02,4호선,0414,수유(강북구청),686966,693031,177995,179738
2026-02,4호선,0415,미아(서울사이버대학),289062,271804,113103,115098
2026-02,4호선,0416,미아사거리,496158,489200,171534,171895
2026-02,4호선,0417,길음,410791,400355,111792,110839
2026-02,4호선,0418,성신여대입구(돈암),475045,458626,85958,84575
2026-02,4호선,0419,한성대입구(삼선교),275277,267137,69204,67924
2026-02,4호선,0420,혜화,849501,860039,121394,120199
2026-02,4호선,0421,동대문,371016,399941,123482,120404
2026-02,4호선,0422,동대문역사문화공원(DDP),462440,395036,61982,55854
2026-02,4호선,0423,충무로,637013,664164,106842,108518
2026-02,4호선,0424,명동,895296,952386,73659,75678
2026-02,4호선,0425,회현(남대문시장),523024,559924,169039,170754
2026-02,4호선,0426,서울역,276119,556801,38703,53903
2026-02,4호선,0427,숙대입구(갈월),313365,311320,49240,46135
2026-02,4호선,0428,삼각지(전쟁기념관),159795,192510,21735,23065
2026-02,4호선,0429,신용산,525873,580360,54039,54723
2026-02,4호선,0430,이촌(국립중앙박물관),277751,294556,53938,56835
2026-02,4호선,0431,동작(현충원),37643,39665,11634,11958
2026-02,4호선,0432,총신대입구(이수),354174,385314,146865,155672
2026-02,4호선,0433,사당,570301,498175,89891,94316
2026-02,4호선,0434,남태령,27549,20005,7611,6827
2026-02,경부선,1001,서울역,308230,108864,16126,4226
2026-02,경부선,1002,남영,193393,204242,32528,33646
2026-02,경부선,1003,용산,1202301,1216446,127164,126558
2026-02,경부선,1004,노량진,191662,193946,45103,41782
2026-02,경부선,1005,대방,191446,219910,51180,53635
2026-02,경부선,1006,영등포,864142,870955,286362,286466
2026-02,경부선,1007,신도림,76074,78791,22212,26498
2026-02,경부선,1032,신길,170220,148226,41046,38559
2026-02,경부선,1701,구로,326724,337153,95248,92648
2026-02,경부선,1702,가산디지털단지,352055,413447,34727,39343
2026-02,경부선,1703,금천구청,190765,194018,73937,75592
2026-02,경부선,1704,석수,153170,140468,45595,43309
2026-02,경부선,1705,관악,122042,119507,53741,52310
2026-02,경부선,1706,안양,430574,420754,124535,129641
2026-02,경부선,1707,명학,154335,150830,40193,39082
2026-02,경부선,1708,금정,572072,584253,130706,132485
2026-02,경부선,1709,군포,127212,124133,34411,33779
2026-02,경부선,1710,의왕,180343,176769,42851,42656
2026-02,경부선,1711,성균관대,313818,307175,63048,62985
2026-02,경부선,1712,화서,258428,251902,46857,45749
2026-02,경부선,1713,수원,929419,976742,160342,162859
2026-02,경부선,1714,독산,331150,334328,63317,64719
2026-02,경부선,1715,세류,74155,68830,16168,15911
2026-02,경부선,1716,병점,316616,315510,66864,67718
2026-02,경부선,1717,세마,69522,65701,15393,14431
2026-02,경부선,1718,오산대,77933,70702,16403,15549
2026-02,경부선,1719,오산,231706,229180,50235,50802
2026-02,경부선,1720,진위,31066,27964,8618,8493
2026-02,경부선,1721,송탄,94720,92094,20761,20596
2026-02,경부선,1722,서정리,182119,173856,33551,32537
2026-02,경부선,1723,평택지제,103682,97015,13711,12987
2026-02,경부선,1724,평택,284013,279053,65486,64047
2026-02,경부선,1725,성환,78893,76792,19258,19034
2026-02,경부선,1726,직산,20932,21017,4879,4689
2026-02,경부선,1727,두정,155088,157641,28927,29344
2026-02,경부선,1728,천안,124698,126411,50630,50274
2026-02,경부선,1729,당정,112813,107880,33125,31129
2026-02,경부선,1749,서동탄,29382,24244,6754,6055
2026-02,경부선,1750,광명,87535,72284,10702,9900
2026-02,경인선,1801,개봉,411111,398914,157152,162131
2026-02,경인선,1802,오류동,204313,187418,85020,83441
2026-02,경인선,1803,역곡,475237,471843,148807,152344
2026-02,경인선,1804,부천,591344,588903,231724,235052
2026-02,경인선,1805,송내,496370,486707,124744,122251
2026-02,경인선,1806,부평,647100,679606,149845,152435
2026-02,경인선,1807,백운,118233,112296,55495,55155
2026-02,경인선,1808,동암,280350,281135,105783,106591
2026-02,경인선,1809,주안,365824,324923,91728,81271
2026-02,경인선,1810,제물포,188759,178988,62564,62292
2026-02,경인선,1811,동인천,232485,214771,105851,102987
2026-02,경인선,1812,인천,66060,51914,32343,30822
2026-02,경인선,1813,구일,114134,113036,40743,39862
2026-02,경인선,1814,소사,142541,134099,60617,57829
2026-02,경인선,1815,부개,144738,131486,66141,65301
2026-02,경인선,1816,간석,99006,92997,44009,42209
2026-02,경인선,1817,도원,51227,52227,27961,29312
2026-02,경인선,1821,온수(성공회대입구),102006,95447,46973,45929
2026-02,경인선,1822,중동,153807,140335,73518,72789
2026-02,경인선,1823,도화,60802,55136,36300,35141
2026-02,경원선,1008,이촌(국립중앙박물관),73223,58044,28883,24310
2026-02,경원선,1009,서빙고,39508,37341,16861,16152
2026-02,경원선,1010,한남,64418,65760,23472,22199
2026-02,경원선,1011,옥수,1257,892,157,108
2026-02,경원선,1012,응봉,29777,24690,15281,13457
2026-02,경원선,1013,왕십리(성동구청),356721,362332,74403,74972
2026-02,경원선,1014,청량리(서울시립대입구),353830,348094,142127,148359
2026-02,경원선,1016,외대앞,230766,225671,52375,51528
2026-02,경원선,1017,신이문,153871,138721,61810,60152
2026-02,경원선,1018,석계,131038,146446,53903,56585
2026-02,경원선,1019,광운대,148015,141195,52422,51039
2026-02,경원선,1020,월계,101861,93395,56110,54087
2026-02,경원선,1021,녹천,75387,62749,33902,31131
2026-02,경원선,1022,창동,136,0,8,0
2026-02,경원선,1901,방학,152180,148370,103699,101070
2026-02,경원선,1902,도봉,82473,76697,64618,63290
2026-02,경원선,1903,도봉산,102167,56104,98529,75706
2026-02,경원선,1904,망월사,124819,125559,68035,69462
2026-02,경원선,1905,회룡,191689,186030,142574,141102
2026-02,경원선,1906,의정부,388436,395106,116931,117118
2026-02,경원선,1907,가능,105740,100373,54695,54284
2026-02,경원선,1908,녹양,73693,69993,37359,35291
2026-02,경원선,1909,양주,127540,121849,51511,49867
2026-02,경원선,1910,덕계,123667,113988,34381,33611
2026-02,경원선,1911,덕정,112156,104152,34165,34106
2026-02,경원선,1912,지행,121432,121902,42755,42424
2026-02,경원선,1913,동두천중앙,43938,42050,30263,30201
2026-02,경원선,1914,보산,27312,25834,12567,11934
2026-02,경원선,1915,동두천,24380,23647,15467,15592
2026-02,경원선,1916,소요산,10961,11394,37247,37124
2026-02,경원선,1917,청산,2047,1568,1832,1595
2026-02,경원선,1918,전곡,21940,19964,11310,10403
2026-02,경원선,1919,연천,10996,10270,14641,14362
2026-02,안산선,1751,산본,312308,336083,106635,109167
2026-02,안산선,1752,대야미,95209,81270,31523,29639
2026-02,안산선,1753,반월,78537,74614,32169,31812
2026-02,안산선,1754,상록수,296888,298566,67407,69082
2026-02,안산선,1755,한대앞,180143,178868,45303,46239
2026-02,안산선,1756,중앙,409195,431108,68641,67327
2026-02,안산선,1757,고잔,182032,173970,35659,34573
2026-02,안산선,1758,초지,99430,100018,16856,17320
2026-02,안산선,1759,안산,284495,268003,37258,35605
2026-02,안산선,1760,신길온천,44127,38519,9520,9090
2026-02,안산선,1761,정왕,194041,196510,28723,29438
2026-02,안산선,1762,오이도,160025,157284,32398,32245
2026-02,안산선,1763,수리산,67889,54405,29893,27455
2026-02,과천선,1450,선바위,151150,130103,29296,28245
2026-02,과천선,1451,경마공원,58334,58206,62528,62183
2026-02,과천선,1452,대공원,64824,65371,26396,27363
2026-02,과천선,1453,과천,96890,87729,36138,34756
2026-02,과천선,1454,정부과천청사,267605,284007,53946,53177
2026-02,과천선,1455,인덕원,510876,516349,125851,128235
2026-02,과천선,1456,평촌,360340,347392,66204,65971
2026-02,과천선,1457,범계,600857,603006,122567,119530
2026-02,분당선,1023,선릉,249561,384391,41493,55886
2026-02,분당선,1024,한티,348649,359492,66602,68163
2026-02,분당선,1025,도곡,132759,136025,50064,48515
2026-02,분당선,1026,구룡,58450,56941,23831,24126
2026-02,분당선,1027,개포동,75670,77973,29563,29851
2026-02,분당선,1028,대모산입구,108374,102332,34663,34061
2026-02,분당선,1030,수서,377560,397662,71118,75447
2026-02,분당선,1031,복정,64,0,2,0
2026-02,분당선,1846,수원,179887,172393,34008,32714
2026-02,분당선,1847,서울숲,258691,267037,28923,28575
2026-02,분당선,1848,압구정로데오,436595,475231,42806,41235
2026-02,분당선,1849,강남구청,189693,221770,36091,39583
2026-02,분당선,1850,선정릉,142648,147465,30704,29582
2026-02,분당선,1851,가천대,161964,165402,26664,27398
2026-02,분당선,1852,태평,247814,230230,89462,93260
2026-02,분당선,1853,모란,351780,354222,161331,178176
2026-02,분당선,1854,야탑,480348,509383,162786,163837
2026-02,분당선,1855,서현,481341,494616,122040,118625
2026-02,분당선,1856,수내,257681,254486,75746,74335
2026-02,분당선,1857,정자,389437,410065,67000,66240
2026-02,분당선,1858,미금,276014,282226,106813,110944
2026-02,분당선,1859,오리,206556,180181,70060,63269
2026-02,분당선,1860,이매,95986,94208,36919,35836
2026-02,분당선,1861,보정,42061,36604,18110,17156
2026-02,분당선,1862,죽전,247149,280685,68400,73427
2026-02,분당선,1863,구성,147061,149551,39985,40625
2026-02,분당선,1864,신갈,86112,84555,29156,29288
2026-02,분당선,1865,기흥,205341,185507,45257,44066
2026-02,분당선,1866,상갈,97022,92232,29836,29185
2026-02,분당선,1867,청명,90304,85954,21897,22044
2026-02,분당선,1868,영통,191715,189730,33545,33181
2026-02,분당선,1869,망포,321735,311252,43444,42077
2026-02,분당선,1870,매탄권선,105327,102154,24978,23995
2026-02,분당선,1871,수원시청,304540,327860,49715,50688
2026-02,분당선,1872,매교,98486,97283,26549,26883
2026-02,일산선,1948,원흥,214793,202297,61674,59592
2026-02,일산선,1949,지축,25,0,0,0
2026-02,일산선,1950,삼송,404164,386905,96093,96179
2026-02,일산선,1951,원당,211213,201302,79425,79538
2026-02,일산선,1952,화정,314871,329825,118818,121561
2026-02,일산선,1953,대곡,255578,232811,25472,23564
2026-02,일산선,1954,백석,187427,191336,77178,77553
2026-02,일산선,1955,마두,130541,130500,64261,65418
2026-02,일산선,1956,정발산,133071,137211,53931,50589
2026-02,일산선,1957,주엽,140633,134659,83896,86001
2026-02,일산선,1958,대화,191798,152583,77008,71778
2026-02,중앙선,1015,회기,514594,491474,111830,110304
2026-02,중앙선,1201,중랑,96075,90932,46900,46519
2026-02,중앙선,1202,상봉,111494,112128,41273,39828
2026-02,중앙선,1203,망우,128819,123304,67119,68097
2026-02,중앙선,1204,양원,53663,52461,20889,20650
2026-02,중앙선,1205,구리,143473,156381,46489,48669
2026-02,중앙선,1206,도농,172232,159955,60063,57715
2026-02,중앙선,1207,양정,6806,5912,4620,4093
2026-02,중앙선,1208,덕소,94564,94161,43174,43749
2026-02,중앙선,1209,도심,48929,37195,19648,17804
2026-02,중앙선,1210,팔당,13741,14970,7199,7088
2026-02,중앙선,1211,운길산,8241,7480,7215,7294
2026-02,중앙선,1212,양수,25564,25032,19191,19078
2026-02,중앙선,1213,신원,1972,1730,2350,2160
2026-02,중앙선,1214,국수,8602,8616,8022,8212
2026-02,중앙선,1215,아신,8237,8147,5224,5204
2026-02,중앙선,1216,오빈,3611,3539,4048,4198
2026-02,중앙선,1217,양평,55017,55966,31623,31889
2026-02,중앙선,1218,원덕,3847,3687,4642,4449
2026-02,중앙선,1219,용문,25953,26626,27584,27866
2026-02,중앙선,1220,지평,603,609,736,734
2026-02,장항선,1401,봉명,22232,22212,9872,9451
2026-02,장항선,1402,쌍용(나사렛대),44819,42178,14551,14007
2026-02,장항선,1403,아산,90434,78411,14786,13747
2026-02,장항선,1404,탕정,44043,40197,7505,7064
2026-02,장항선,1405,배방,26763,25930,7447,7421
2026-02,장항선,1407,온양온천,77587,78729,60646,60984
2026-02,장항선,1408,신창(순천향대),24626,24189,5624,5070
2026-02,경의선,1252,신촌,18263,23657,3257,4127
2026-02,경의선,1261,효창공원앞,61460,70185,15416,17023
2026-02,경의선,1263,서강대,44749,44366,10174,9515
2026-02,경의선,1265,가좌,108047,104205,39746,39504
2026-02,경의선,1267,수색,60935,61448,16371,16687
2026-02,경의선,1268,한국항공대,32945,31077,8037,7604
2026-02,경의선,1269,강매,61548,51114,17733,16643
2026-02,경의선,1270,행신,151300,151639,35047,35699
2026-02,경의선,1271,능곡,77004,72646,30845,30567
2026-02,경의선,1272,곡산,8595,9278,5148,5170
2026-02,경의선,1273,백마,145505,140771,36590,36298
2026-02,경의선,1274,풍산,121890,113837,41267,40459
2026-02,경의선,1275,일산,186440,180981,66607,67121
2026-02,경의선,1276,탄현,150675,142703,40096,39485
2026-02,경의선,1277,야당,157460,163051,39561,39048
2026-02,경의선,1278,운정,147369,135673,41597,40696
2026-02,경의선,1279,금릉,95612,91175,28331,27880
2026-02,경의선,1280,금촌,123279,118576,45129,45383
2026-02,경의선,1282,월롱,36818,31036,8539,8683
2026-02,경의선,1283,파주,21241,17696,6200,5559
2026-02,경의선,1284,문산,106508,103346,39739,39072
2026-02,경의선,1285,임진강,402,411,278,223
2026-02,경의선,1286,운천,46,38,93,79
2026-02,경의선,1291,서울역,61106,78215,15724,18530
2026-02,경의선,1292,공덕,92034,69937,14583,13595
2026-02,경의선,1293,홍대입구,60999,74510,5257,5600
2026-02,경의선,1294,디지털미디어시티,54088,50003,11065,11907
2026-02,경의선,1296,계양,1,0,0,0
2026-02,경의선,1297,검암,2,0,0,0
2026-02,경춘선,1311,신내,49282,45755,19646,18821
2026-02,경춘선,1312,갈매,47913,41858,18767,17841
2026-02,경춘선,1313,별내,42333,37970,19660,17200
2026-02,경춘선,1314,퇴계원,54999,49238,29730,28330
2026-02,경춘선,1315,사릉,34775,33244,16700,16361
2026-02,경춘선,1316,금곡,23846,22227,16563,16071
2026-02,경춘선,1317,평내호평,112602,108858,44643,43199
2026-02,경춘선,1318,천마산,23014,21054,17445,17373
2026-02,경춘선,1319,마석,67042,64030,35633,34995
2026-02,경춘선,1320,대성리,10593,10206,4633,4492
2026-02,경춘선,1321,청평,28241,26732,16677,16262
2026-02,경춘선,1322,상천,2759,2527,3260,3131
2026-02,경춘선,1323,가평,35630,35428,13352,13180
2026-02,경춘선,1324,굴봉산,1440,2336,1186,1225
2026-02,경춘선,1325,백양리,8494,6829,1191,1285
2026-02,경춘선,1326,강촌,6350,6074,3617,3644
2026-02,경춘선,1327,김유정,7458,7489,3462,3575
2026-02,경춘선,1328,남춘천,54917,55354,22742,23152
2026-02,경춘선,1329,춘천,25958,22542,13295,11380
2026-02,수인선,1873,고색,112421,107554,21661,20759
2026-02,수인선,1874,오목천,76708,65818,17198,16246
2026-02,수인선,1875,어천,30611,28231,8149,8854
2026-02,수인선,1876,야목,14614,12157,3802,3263
2026-02,수인선,1877,사리,104713,88913,20972,18762
2026-02,수인선,1878,달월,1421,1130,808,521
2026-02,수인선,1879,월곶,54413,49522,19787,19481
2026-02,수인선,1880,소래포구,79416,73531,43830,42994
2026-02,수인선,1881,인천논현,98671,105993,38439,38798
2026-02,수인선,1882,호구포,72185,75078,22870,22640
2026-02,수인선,1883,남동인더스파크,44391,49643,6178,6511
2026-02,수인선,1884,원인재,75148,78740,33903,34372
2026-02,수인선,1885,연수,84233,83221,34477,34582
2026-02,수인선,1886,송도,40564,36426,23446,22649
2026-02,수인선,1888,인하대,126535,117256,30412,28869
2026-02,수인선,1889,숭의,79388,71095,31778,29574
2026-02,수인선,1890,신포,28604,29004,13939,14197
2026-02,수인선,1891,인천,16588,28270,11646,14475
2026-02,경강선,1501,판교,131163,128001,19115,16385
2026-02,경강선,1502,이매,19653,16927,5536,5209
2026-02,경강선,1503,삼동,44059,40953,13155,13241
2026-02,경강선,1504,경기광주,170911,161527,33069,32750
2026-02,경강선,1505,초월,76770,69944,16259,15982
2026-02,경강선,1506,곤지암,46229,43810,12537,12337
2026-02,경강선,1507,신둔도예촌,29734,28030,7899,7745
2026-02,경강선,1508,이천,66571,70160,14157,14888
2026-02,경강선,1509,부발,53988,51569,9770,9585
2026-02,경강선,1510,세종대왕릉,5839,5824,3288,3162
2026-02,경강선,1511,여주,61321,60026,19910,19803
2026-02,경강선,1512,성남,27169,23286,6131,6357
2026-02,서해선,1980,김포공항,75916,104602,11573,21422
2026-02,서해선,1981,원종,88733,85222,42472,43216
2026-02,서해선,1982,부천종합운동장,64568,55534,8582,7429
2026-02,5호선,2511,방화,124738,119827,54357,53004
2026-02,5호선,2512,개화산,112215,107388,42993,41636
2026-02,5호선,2513,김포공항,321878,192800,54255,41068
2026-02,5호선,2514,송정,114829,110522,46277,44428
2026-02,5호선,2515,마곡,342734,343191,64336,62021
2026-02,5호선,2516,발산,485474,508209,113845,109997
2026-02,5호선,2517,우장산,279296,277341,93511,98210
2026-02,5호선,2518,화곡,578341,536947,145098,139039
2026-02,5호선,2519,까치산,549437,522135,155133,156713
2026-02,5호선,2520,신정(은행정),273734,222340,63712,62054
2026-02,5호선,2521,목동,326225,357558,79712,81446
2026-02,5호선,2522,오목교(목동운동장앞),455147,484411,87892,87215
2026-02,5호선,2523,양평,171170,167594,28752,28311
2026-02,5호선,2524,영등포구청,101572,100610,18926,18595
2026-02,5호선,2525,영등포시장,234537,234823,70521,72235
2026-02,5호선,2526,신길,111345,116388,11231,11620
2026-02,5호선,2527,여의도,632595,669442,52880,49859
2026-02,5호선,2528,여의나루,272780,316303,25727,25286
2026-02,5호선,2529,마포,302549,309025,60210,58993
2026-02,5호선,2530,공덕,299139,316060,46378,44784
2026-02,5호선,2531,애오개,128187,125698,36505,35173
2026-02,5호선,2532,충정로(경기대입구),101635,104438,14856,15143
2026-02,5호선,2533,서대문,376220,384863,64743,61909
2026-02,5호선,2534,광화문(세종문화회관),751479,784287,90349,89443
2026-02,5호선,2535,종로3가,304917,305221,84330,85681
2026-02,5호선,2536,을지로4가,125116,126985,38880,38164
2026-02,5호선,2537,동대문역사문화공원(DDP),68560,78637,7419,8225
2026-02,5호선,2538,청구,65512,65953,18285,15159
2026-02,5호선,2539,신금호,119597,124940,36349,40436
2026-02,5호선,2540,행당,152672,135567,47321,42840
2026-02,5호선,2541,왕십리(성동구청),97080,115375,25183,25235
2026-02,5호선,2542,마장,110587,103899,41814,41355
2026-02,5호선,2543,답십리,318229,282406,79019,75932
2026-02,5호선,2544,장한평,397550,391594,96316,97811
2026-02,5호선,2545,군자(능동),264249,297577,41683,44500
2026-02,5호선,2546,아차산(어린이대공원후문),276359,272784,101933,99483
2026-02,5호선,2547,광나루(장신대),217277,206940,63154,63270
2026-02,5호선,2548,천호(풍납토성),393242,373989,156302,152262
2026-02,5호선,2549,강동,363050,350593,106962,104268
2026-02,5호선,2550,길동,155441,159208,78701,80938
2026-02,5호선,2551,굽은다리(강동구민회관앞),177285,169022,78387,73264
2026-02,5호선,2552,명일,146237,143668,63732,64357
2026-02,5호선,2553,고덕,184625,183408,73939,72313
2026-02,5호선,2554,상일동,272300,259246,87764,87939
2026-02,5호선,2555,둔촌동,248195,244865,88791,89117
2026-02,5호선,2556,올림픽공원(한국체대),93521,84992,35499,31435
2026-02,5호선,2557,방이,144371,148051,49324,49002
2026-02,5호선,2558,오금,67825,69225,21268,20768
2026-02,5호선,2559,개롱,109129,113059,47773,49406
2026-02,5호선,2560,거여,181324,177900,64677,63377
2026-02,5호선,2561,마천,124698,108362,52966,53961
2026-02,5호선,2562,강일,109461,100010,44075,42386
2026-02,5호선,2563,미사,385527,388700,88051,87282
2026-02,5호선,2564,하남풍산,83382,82834,34620,34475
2026-02,5호선,2565,하남시청(덕풍·신장),148558,136279,77812,78040
2026-02,5호선,2566,하남검단산,124232,116384,52519,51878
2026-02,6호선,2611,응암,326294,325033,121471,120360
2026-02,6호선,2612,역촌,66297,82025,31020,30746
2026-02,6호선,2613,불광,80713,77268,44482,35183
2026-02,6호선,2614,독바위,47532,46853,18781,23378
2026-02,6호선,2615,연신내,61,0,9,0
2026-02,6호선,2616,구산,153015,107120,52992,56509
2026-02,6호선,2617,새절(신사),228684,212316,83341,83799
2026-02,6호선,2618,증산(명지대앞),169003,166087,63783,64723
2026-02,6호선,2619,디지털미디어시티,292536,319637,55410,55453
2026-02,6호선,2620,월드컵경기장(성산),71035,73949,43542,41978
2026-02,6호선,2621,마포구청,289242,265126,75608,69877
2026-02,6호선,2622,망원,359951,390356,82958,86071
2026-02,6호선,2623,합정,315950,314123,38092,34940
2026-02,6호선,2624,상수,240337,267084,23201,23125
2026-02,6호선,2625,광흥창(서강),185177,174880,50289,49754
2026-02,6호선,2626,대흥(서강대앞),178744,187695,44458,44912
2026-02,6호선,2627,공덕,393426,383790,76620,71470
2026-02,6호선,2628,효창공원앞,151004,136087,37018,34438
2026-02,6호선,2629,삼각지(전쟁기념관),172761,158481,18725,16004
2026-02,6호선,2630,녹사평(용산구청),120863,127791,16758,16221
2026-02,6호선,2631,이태원,284799,322823,27905,27835
2026-02,6호선,2632,한강진,222458,269358,15185,15568
2026-02,6호선,2633,버티고개,42655,41527,11888,14116
2026-02,6호선,2634,약수,73139,72004,18972,18615
2026-02,6호선,2635,청구,76697,73498,17118,18627
2026-02,6호선,2636,신당,177885,179074,34306,33666
2026-02,6호선,2637,동묘앞,180821,184299,66752,61272
2026-02,6호선,2638,창신,66809,53085,17577,16649
2026-02,6호선,2639,보문,170864,159872,29677,28037
2026-02,6호선,2640,안암(고대병원앞),243267,243995,35407,34906
2026-02,6호선,2641,고려대(종암),168291,160375,32794,32272
2026-02,6호선,2642,월곡(동덕여대),217621,210069,63454,62827
2026-02,6호선,2643,상월곡(한국과학기술연구원),119478,104337,37829,36570
2026-02,6호선,2644,돌곶이,230424,212800,64455,64138
2026-02,6호선,2645,석계,230919,238380,75308,74489
2026-02,6호선,2646,태릉입구,116976,123036,31322,31227
2026-02,6호선,2647,화랑대(서울여대입구),214980,176767,47390,44114
2026-02,6호선,2648,봉화산(서울의료원),160736,147817,47523,46965
2026-02,6호선,2649,신내,28,0,3,0
2026-02,7호선,2711,장암,53150,19362,11887,8586
2026-02,7호선,2712,도봉산,169000,188679,42420,63332
2026-02,7호선,2713,수락산,219806,218955,97760,98805
2026-02,7호선,2714,마들,245272,228161,91474,90302
2026-02,7호선,2715,노원,394740,421361,130989,132006
2026-02,7호선,2716,중계,267723,242462,90093,87053
2026-02,7호선,2717,하계,333995,310466,108131,103938
2026-02,7호선,2718,공릉(서울과학기술대),233579,228961,76311,77126
2026-02,7호선,2719,태릉입구,167400,157833,44679,41715
2026-02,7호선,2720,먹골,195111,192735,66875,68452
2026-02,7호선,2721,중화,215410,210971,64418,64459
2026-02,7호선,2722,상봉,387221,374656,82234,79295
2026-02,7호선,2723,면목,273907,261258,91642,93946
2026-02,7호선,2724,사가정,306051,306973,99912,101845
2026-02,7호선,2725,용마산(용마폭포공원),111960,107882,33745,36041
2026-02,7호선,2726,중곡,206616,194307,65168,65524
2026-02,7호선,2727,군자(능동),313186,239548,78961,67814
2026-02,7호선,2728,어린이대공원(세종대),299909,299289,39279,39480
2026-02,7호선,2729,건대입구,290376,309908,64566,59919
2026-02,7호선,2730,자양(뚝섬한강공원),198540,190619,43860,43607
2026-02,7호선,2731,청담,370008,407743,73803,71269
2026-02,7호선,2732,강남구청,340291,382332,48137,49350
2026-02,7호선,2733,학동,480554,503166,59892,57030
2026-02,7호선,2734,논현,420424,445024,42806,42294
2026-02,7호선,2735,반포,129918,124721,39908,37766
2026-02,7호선,2736,고속터미널,434397,331747,76367,69247
2026-02,7호선,2737,내방,292515,295976,74112,71567
2026-02,7호선,2738,이수,348212,342250,82857,78032
2026-02,7호선,2739,남성,206720,194413,72063,73062
2026-02,7호선,2740,숭실대입구(살피재),238577,241736,60086,62454
2026-02,7호선,2741,상도,225692,220622,61570,58526
2026-02,7호선,2742,장승배기,175263,170770,66123,66424
2026-02,7호선,2743,신대방삼거리,289243,274513,87506,89818
2026-02,7호선,2744,보라매,134622,140833,29535,30335
2026-02,7호선,2745,신풍,227042,213506,73249,71744
2026-02,7호선,2746,대림(구로구청),206423,208696,47072,45204
2026-02,7호선,2747,남구로,307167,322779,63948,65887
2026-02,7호선,2748,가산디지털단지,904177,905413,93863,87702
2026-02,7호선,2749,철산,449635,462717,109389,108780
2026-02,7호선,2750,광명사거리,414928,404101,164473,170215
2026-02,7호선,2751,천왕,226758,218037,60904,61832
2026-02,7호선,2752,온수(성공회대입구),184914,168743,42219,39683
2026-02,7호선,2753,까치울,1,0,0,0
2026-02,8호선,2810,암사역사공원,138471,118137,31450,30206
2026-02,8호선,2811,암사,305601,277613,102918,102053
2026-02,8호선,2812,천호(풍납토성),363100,425772,106415,108872
2026-02,8호선,2813,강동구청,198889,205318,66860,68365
2026-02,8호선,2814,몽촌토성(평화의문),165599,171801,37420,37223
2026-02,8호선,2815,잠실(송파구청),452482,527884,89545,87849
2026-02,8호선,2816,석촌,177915,209135,55481,57265
2026-02,8호선,2817,송파,182159,181148,66469,65278
2026-02,8호선,2818,가락시장,152536,171491,69309,71186
2026-02,8호선,2819,문정,472930,494257,65420,65589
2026-02,8호선,2820,장지,345557,320887,84226,79520
2026-02,8호선,2821,복정,189383,160709,38306,34840
2026-02,8호선,2822,산성,120258,119312,33325,36157
2026-02,8호선,2823,남한산성입구(성남법원.검찰청),234611,207740,71792,67451
2026-02,8호선,2824,단대오거리,222648,215195,74108,73085
2026-02,8호선,2825,신흥,97630,99897,44043,44537
2026-02,8호선,2826,수진,94898,84997,43278,42434
2026-02,8호선,2827,모란,76966,63419,55147,43042
2026-02,8호선,2828,남위례,158918,157190,37403,36138
2026-02,9호선,4101,개화,50099,33502,10170,8281
2026-02,9호선,4102,김포공항,148034,285810,17012,27651
2026-02,9호선,4103,공항시장,51274,55444,19961,21531
2026-02,9호선,4104,신방화,128172,124851,45064,45530
2026-02,9호선,4105,마곡나루(서울식물원),338981,328883,42774,42292
2026-02,9호선,4106,양천향교,220329,225893,47696,47258
2026-02,9호선,4107,가양,415286,407059,135051,132205
2026-02,9호선,4108,증미,154522,149218,36235,36070
2026-02,9호선,4109,등촌,229749,219946,85210,87366
2026-02,9호선,4110,염창,376226,358284,77201,74529
2026-02,9호선,4111,신목동,86243,75747,25147,23792
2026-02,9호선,4112,선유도,187603,172712,32857,32465
2026-02,9호선,4113,당산,413805,403981,70193,65065
2026-02,9호선,4114,국회의사당,345948,358666,55340,50040
2026-02,9호선,4115,여의도,683949,657863,52568,48322
2026-02,9호선,4116,샛강,130039,129253,27129,26700
2026-02,9호선,4117,노량진,603406,594206,81182,82472
2026-02,9호선,4118,노들,89394,72802,31973,29880
2026-02,9호선,4119,흑석(중앙대입구),161977,168310,56759,56827
2026-02,9호선,4120,동작(현충원),41008,35092,14204,12921
2026-02,9호선,4121,구반포,41524,36419,9653,9286
2026-02,9호선,4122,신반포,90222,86155,27884,27721
2026-02,9호선,4123,고속터미널,348453,504211,67059,81057
2026-02,9호선,4124,사평,80346,77257,22929,22976
2026-02,9호선,4125,신논현,770695,795832,54126,52678
2026-02,공항철도 1호선,4201,서울역,344985,319524,33171,30217
2026-02,공항철도 1호선,4202,공덕,72436,97085,8963,10705
2026-02,공항철도 1호선,4203,홍대입구,452568,418472,19761,18244
2026-02,공항철도 1호선,4204,디지털미디어시티,313205,293887,28771,27551
2026-02,공항철도 1호선,4206,마곡나루(서울식물원),332620,322452,22453,22680
2026-02,공항철도 1호선,4207,김포공항,249094,128384,22239,12663
2026-02,공항철도 1호선,4208,계양,203548,204385,26670,26942
2026-02,공항철도 1호선,4209,검암,139087,136761,15503,15187
2026-02,공항철도 1호선,4210,청라국제도시,178969,170128,14161,14241
2026-02,공항철도 1호선,4211,운서,236168,255163,27683,28178
2026-02,공항철도 1호선,4212,공항화물청사,39081,43430,8490,8226
2026-02,공항철도 1호선,4213,인천공항1터미널,348177,328718,30718,28025
2026-02,공항철도 1호선,4215,인천공항2터미널,289757,233623,24317,21153
2026-02,공항철도 1호선,4217,영종,97346,98116,22084,22122
2026-02,9호선2~3단계,4126,언주,253291,256832,29442,29272
2026-02,9호선2~3단계,4127,선정릉,216328,234666,28114,28955
2026-02,9호선2~3단계,4128,삼성중앙,167049,174037,28023,27477
2026-02,9호선2~3단계,4129,봉은사,501629,541026,57471,54685
2026-02,9호선2~3단계,4130,종합운동장,121751,120550,22416,20813
2026-02,9호선2~3단계,4131,삼전,173769,164001,44194,43298
2026-02,9호선2~3단계,4132,석촌고분,147792,143671,42650,42653
2026-02,9호선2~3단계,4133,석촌,209140,191925,41690,37443
2026-02,9호선2~3단계,4134,송파나루,126013,134931,30695,32575
2026-02,9호선2~3단계,4135,한성백제,66509,59015,17538,15832
2026-02,9호선2~3단계,4136,올림픽공원(한국체대),203349,205264,27078,27180
2026-02,9호선2~3단계,4137,둔촌오륜,89414,86597,22011,22661
2026-02,9호선2~3단계,4138,중앙보훈병원,233976,196473,77154,74500
2026-02,우이신설선,4701,북한산우이,42945,37009,33445,34868
2026-02,우이신설선,4702,솔밭공원,38647,34383,28578,29228
2026-02,우이신설선,4703,4.19민주묘지,44541,42124,36145,32227
2026-02,우이신설선,4704,가오리,62483,60132,49040,50417
2026-02,우이신설선,4705,화계,49890,44800,46016,45477
2026-02,우이신설선,4706,삼양,35314,35584,29014,31427
2026-02,우이신설선,4707,삼양사거리,35636,34301,35161,34536
2026-02,우이신설선,4708,솔샘,109727,99244,39179,40094
2026-02,우이신설선,4709,북한산보국문,112320,100780,42466,42294
2026-02,우이신설선,4710,정릉,76091,66835,43966,40501
2026-02,우이신설선,4711,성신여대입구(돈암),66159,76662,31647,30030
2026-02,우이신설선,4712,보문,29455,29272,16051,15660
2026-02,우이신설선,4713,신설동,32364,31470,30164,27134
2026-02,신림선,4401,샛강,54535,67441,14570,13608
2026-02,신림선,4402,대방,66893,48857,19814,16430
2026-02,신림선,4403,서울지방병무청,55238,61180,26116,28495
2026-02,신림선,4404,보라매,87476,78042,26155,23690
2026-02,신림선,4405,보라매공원,40504,44734,17554,18968
2026-02,신림선,4406,보라매병원,142358,149654,55457,55132
2026-02,신림선,4407,당곡,86454,83001,38259,37587
2026-02,신림선,4408,신림,41422,50113,19030,21214
2026-02,신림선,4409,서원,67205,58496,25374,24290
2026-02,신림선,4410,서울대벤처타운,193213,173221,64658,64591
2026-02,신림선,4411,관악산(서울대),47092,44601,29703,30027
